"","id","owner","datetaken","ownername","latitude","longitude","url_c","Clusters_0.0005_5","GND_N","PROVINCE_N","DISTRICT_N","date","time"
"899",20117609530,"40608624@N00","2015-08-01 12:17:29","Nazly",7.2725,81.8656,"https://live.staticflickr.com/367/20117609530_a0419aa55e_c.jpg",0,"Ninthavur 14","EASTERN","AMPARA","2015-08-01","12:17:29"
"5032",17902464125,"71194398@N04","2014-03-09 16:30:08","Wolfsdorf",7.1729,81.5089,"https://live.staticflickr.com/7714/17902464125_ebc9027823_c.jpg",0,"Ninthavur 14","EASTERN","AMPARA","2014-03-09","16:30:08"
"5033",17714610048,"71194398@N04","2014-03-09 16:22:18","Wolfsdorf",7.163,81.5099,"https://live.staticflickr.com/8885/17714610048_612036b8ca_c.jpg",0,"Ninthavur 14","EASTERN","AMPARA","2014-03-09","16:22:18"
"5034",17902985911,"71194398@N04","2014-03-09 15:55:55","Wolfsdorf",7.1653,81.5116,"https://live.staticflickr.com/5332/17902985911_0978ce31ea_c.jpg",0,"Ninthavur 14","EASTERN","AMPARA","2014-03-09","15:55:55"
"5036",17279882374,"71194398@N04","2014-03-09 15:55:36","Wolfsdorf",7.1657,81.5112,"https://live.staticflickr.com/5450/17279882374_13b4ab2539_c.jpg",0,"Ninthavur 14","EASTERN","AMPARA","2014-03-09","15:55:36"
"5037",17876065486,"71194398@N04","2014-03-09 15:53:18","Wolfsdorf",7.1682,81.5101,"https://live.staticflickr.com/7698/17876065486_3a57148222_c.jpg",0,"Ninthavur 14","EASTERN","AMPARA","2014-03-09","15:53:18"
"7233",8434078589,"76547161@N02","2013-02-01 00:39:48","lukaumek",6.8467,81.8314,"https://live.staticflickr.com/8323/8434078589_c0426ff7bf_c.jpg",0,"Ninthavur 14","EASTERN","AMPARA","2013-02-01","00:39:48"
"7261",8379149201,"76547161@N02","2013-01-14 02:22:06","lukaumek",6.8459,81.8315,"https://live.staticflickr.com/8476/8379149201_485fd1f600_c.jpg",0,"Ninthavur 14","EASTERN","AMPARA","2013-01-14","02:22:06"
"7264",8435168168,"76547161@N02","2013-01-13 18:01:39","lukaumek",6.8465,81.8312,"https://live.staticflickr.com/8091/8435168168_f111b63722_c.jpg",0,"Ninthavur 14","EASTERN","AMPARA","2013-01-13","18:01:39"
"7265",8435168272,"76547161@N02","2013-01-13 18:01:22","lukaumek",6.8465,81.8313,"https://live.staticflickr.com/8325/8435168272_2c594b5114_c.jpg",0,"Ninthavur 14","EASTERN","AMPARA","2013-01-13","18:01:22"
"7266",8435168378,"76547161@N02","2013-01-13 18:01:06","lukaumek",6.8436,81.8311,"https://live.staticflickr.com/8185/8435168378_b84b820fe8_c.jpg",3,"Ninthavur 14","EASTERN","AMPARA","2013-01-13","18:01:06"
"7267",8435168612,"76547161@N02","2013-01-13 17:58:14","lukaumek",6.8455,81.8308,"https://live.staticflickr.com/8093/8435168612_011000e325_c.jpg",0,"Ninthavur 14","EASTERN","AMPARA","2013-01-13","17:58:14"
"7268",8435168846,"76547161@N02","2013-01-13 17:56:39","lukaumek",6.8447,81.8308,"https://live.staticflickr.com/8512/8435168846_4afc8dd50b_c.jpg",0,"Ninthavur 14","EASTERN","AMPARA","2013-01-13","17:56:39"
"7269",8435168986,"76547161@N02","2013-01-13 17:55:51","lukaumek",6.8442,81.831,"https://live.staticflickr.com/8045/8435168986_3a8da4aee4_c.jpg",0,"Ninthavur 14","EASTERN","AMPARA","2013-01-13","17:55:51"
"7444",49971037307,"64052682@N05","2016-07-04 17:47:06","yhila",6.6728,81.7468,"https://live.staticflickr.com/65535/49971037307_815da987d9_c.jpg",0,"Ninthavur 14","EASTERN","AMPARA","2016-07-04","17:47:06"
"7449",49970774591,"64052682@N05","2016-07-04 15:29:33","yhila",6.7229,81.787,"https://live.staticflickr.com/65535/49970774591_264819ea10_c.jpg",0,"Ninthavur 14","EASTERN","AMPARA","2016-07-04","15:29:33"
"7450",48873422146,"64052682@N05","2016-07-03 19:53:40","yhila",6.8419,81.8316,"https://live.staticflickr.com/65535/48873422146_4fa61fb771_c.jpg",0,"Ninthavur 14","EASTERN","AMPARA","2016-07-03","19:53:40"
"7812",291387985,"98731676@N00","2006-11-07 10:14:04","cornish_travellers",6.843,81.8323,"https://live.staticflickr.com/102/291387985_22264cd75f_c.jpg",3,"Ninthavur 14","EASTERN","AMPARA","2006-11-07","10:14:04"
"7813",23795173343,"98731676@N00","1997-11-07 08:56:05","cornish_travellers",6.8368,81.8394,"https://live.staticflickr.com/1692/23795173343_fc3483cb72_c.jpg",0,"Ninthavur 14","EASTERN","AMPARA","1997-11-07","08:56:05"
"7815",24313447632,"98731676@N00","2000-10-06 01:27:17","cornish_travellers",6.8399,81.8326,"https://live.staticflickr.com/1615/24313447632_baa503424b_c.jpg",0,"Ninthavur 14","EASTERN","AMPARA","2000-10-06","01:27:17"
"7816",288970577,"98731676@N00","2006-11-05 01:26:10","cornish_travellers",6.8399,81.8326,"https://live.staticflickr.com/113/288970577_50d0f4411e_c.jpg",0,"Ninthavur 14","EASTERN","AMPARA","2006-11-05","01:26:10"
"7817",291387951,"98731676@N00","2000-11-07 10:13:32","cornish_travellers",6.8414,81.831,"https://live.staticflickr.com/111/291387951_39b111033b_c.jpg",0,"Ninthavur 14","EASTERN","AMPARA","2000-11-07","10:13:32"
"7818",291387930,"98731676@N00","2000-11-07 10:12:53","cornish_travellers",6.8483,81.8318,"https://live.staticflickr.com/99/291387930_3fe04e33da_c.jpg",0,"Ninthavur 14","EASTERN","AMPARA","2000-11-07","10:12:53"
"7820",288970508,"98731676@N00","2000-11-05 01:27:17","cornish_travellers",6.8399,81.8326,"https://live.staticflickr.com/118/288970508_79340a3552_c.jpg",0,"Ninthavur 14","EASTERN","AMPARA","2000-11-05","01:27:17"
"7871",9247340411,"48293483@N02","2013-05-12 14:11:24","Sekitar",6.8294,81.8303,"https://live.staticflickr.com/2862/9247340411_3864c7fd1e_c.jpg",0,"Ninthavur 14","EASTERN","AMPARA","2013-05-12","14:11:24"
"7946",6104001284,"48293483@N02","2011-07-30 08:31:49","Sekitar",7.1108,81.8471,"https://live.staticflickr.com/6187/6104001284_e2786b8d8d_c.jpg",0,"Ninthavur 14","EASTERN","AMPARA","2011-07-30","08:31:49"
"18425",28840438720,"12763206@N02","2016-04-28 14:36:21","Mariss Balodis",6.8402,81.8346,"https://live.staticflickr.com/8223/28840438720_f56aee4907_c.jpg",2,"Ninthavur 14","EASTERN","AMPARA","2016-04-28","14:36:21"
"18427",28595325313,"12763206@N02","2016-04-16 04:01:24","Mariss Balodis",6.8404,81.8379,"https://live.staticflickr.com/8656/28595325313_e938e79a9b_c.jpg",0,"Ninthavur 14","EASTERN","AMPARA","2016-04-16","04:01:24"
"18428",28774193850,"12763206@N02","2016-04-15 14:21:36","Mariss Balodis",6.8402,81.8346,"https://live.staticflickr.com/8206/28774193850_f4b26da1c0_c.jpg",2,"Ninthavur 14","EASTERN","AMPARA","2016-04-15","14:21:36"
"20192",9717774376,"73375349@N05","2013-08-12 12:21:03","That Guy,Will",6.8487,81.8308,"https://live.staticflickr.com/3757/9717774376_e16be1388f_c.jpg",1,"Ninthavur 14","EASTERN","AMPARA","2013-08-12","12:21:03"
"21602",52563714530,"137166964@N08","2022-09-03 11:42:35","Primal Madusanka",7.6719,81.0469,"https://live.staticflickr.com/65535/52563714530_32d1146428_c.jpg",0,"Ninthavur 14","EASTERN","AMPARA","2022-09-03","11:42:35"
"22698",51921893884,"137166964@N08","2019-06-27 07:54:36","Primal Madusanka",7.2903,81.6729,"https://live.staticflickr.com/65535/51921893884_90cb9bc501_c.jpg",0,"Ninthavur 14","EASTERN","AMPARA","2019-06-27","07:54:36"
"23442",51672082116,"137166964@N08","2014-05-24 16:36:17","Primal Madusanka",7.3955,81.6057,"https://live.staticflickr.com/65535/51672082116_8db5cb1cf1_c.jpg",0,"Ninthavur 14","EASTERN","AMPARA","2014-05-24","16:36:17"
"23443",51670025533,"137166964@N08","2014-05-24 08:08:06","Primal Madusanka",7.2904,81.6733,"https://live.staticflickr.com/65535/51670025533_73a902daed_c.jpg",0,"Ninthavur 14","EASTERN","AMPARA","2014-05-24","08:08:06"
"23444",51667354908,"137166964@N08","2014-05-24 07:43:46","Primal Madusanka",7.2907,81.673,"https://live.staticflickr.com/65535/51667354908_efe43f126f_c.jpg",0,"Ninthavur 14","EASTERN","AMPARA","2014-05-24","07:43:46"
"23445",51663418992,"137166964@N08","2014-05-24 07:20:06","Primal Madusanka",7.2906,81.6733,"https://live.staticflickr.com/65535/51663418992_bf5cecc06e_c.jpg",0,"Ninthavur 14","EASTERN","AMPARA","2014-05-24","07:20:06"
"25820",4553802377,"62878116@N00","2010-03-23 19:32:45","Felix Krohn",6.8487,81.8308,"https://live.staticflickr.com/3413/4553802377_cdaeea29aa_c.jpg",1,"Ninthavur 14","EASTERN","AMPARA","2010-03-23","19:32:45"
"25821",4553801917,"62878116@N00","2010-03-23 18:19:58","Felix Krohn",6.8788,81.7252,"https://live.staticflickr.com/3475/4553801917_7d0e1c10f7_c.jpg",0,"Ninthavur 14","EASTERN","AMPARA","2010-03-23","18:19:58"
"25822",4554435030,"62878116@N00","2010-03-23 17:29:31","Felix Krohn",6.8834,81.7861,"https://live.staticflickr.com/3508/4554435030_7f4f183730_c.jpg",0,"Ninthavur 14","EASTERN","AMPARA","2010-03-23","17:29:31"
"25826",4553800139,"62878116@N00","2010-03-23 14:13:51","Felix Krohn",6.8489,81.8315,"https://live.staticflickr.com/3388/4553800139_70854a16ca_c.jpg",1,"Ninthavur 14","EASTERN","AMPARA","2010-03-23","14:13:51"
"25827",4554433196,"62878116@N00","2010-03-23 12:51:16","Felix Krohn",6.8488,81.8316,"https://live.staticflickr.com/4005/4554433196_0d223db0fa_c.jpg",1,"Ninthavur 14","EASTERN","AMPARA","2010-03-23","12:51:16"
"25828",4553799415,"62878116@N00","2010-03-23 12:34:19","Felix Krohn",6.8808,81.8276,"https://live.staticflickr.com/3154/4553799415_a2eedde66a_c.jpg",0,"Ninthavur 14","EASTERN","AMPARA","2010-03-23","12:34:19"
"25829",4553799143,"62878116@N00","2010-03-23 12:32:07","Felix Krohn",6.8888,81.8264,"https://live.staticflickr.com/61/4553799143_61bdf8d2f8_c.jpg",0,"Ninthavur 14","EASTERN","AMPARA","2010-03-23","12:32:07"
"25830",4695795365,"62878116@N00","2010-03-22 18:00:00","Felix Krohn",7.2853,81.6534,NA,0,"Ninthavur 14","EASTERN","AMPARA","2010-03-22","18:00:00"
"25832",4554431446,"62878116@N00","2010-03-22 17:27:27","Felix Krohn",7.2853,81.6529,"https://live.staticflickr.com/3437/4554431446_e2c2fcb7fc_c.jpg",0,"Ninthavur 14","EASTERN","AMPARA","2010-03-22","17:27:27"
"30927",51964002855,"95110413@N03","2022-03-01 09:18:19","clarencecooray",6.5293,81.706,"https://live.staticflickr.com/65535/51964002855_68d7fa4bc9_c.jpg",0,"Ninthavur 14","EASTERN","AMPARA","2022-03-01","09:18:19"
"30930",52172356687,"95110413@N03","2022-02-28 17:38:03","clarencecooray",6.5293,81.706,"https://live.staticflickr.com/65535/52172356687_aebcee7ff0_c.jpg",0,"Ninthavur 14","EASTERN","AMPARA","2022-02-28","17:38:03"
"30970",51920939218,"95110413@N03","2022-02-27 17:40:10","clarencecooray",6.5293,81.706,"https://live.staticflickr.com/65535/51920939218_5a39899857_c.jpg",0,"Ninthavur 14","EASTERN","AMPARA","2022-02-27","17:40:10"
"30995",51953937986,"95110413@N03","2022-02-26 17:48:02","clarencecooray",6.5293,81.706,"https://live.staticflickr.com/65535/51953937986_16b4c1ccac_c.jpg",0,"Ninthavur 14","EASTERN","AMPARA","2022-02-26","17:48:02"
"32901",24776912481,"95110413@N03","2015-12-20 12:33:07","clarencecooray",6.5293,81.706,"https://live.staticflickr.com/1692/24776912481_13e320481d_c.jpg",0,"Ninthavur 14","EASTERN","AMPARA","2015-12-20","12:33:07"
"34837",1921632741,"44378953@N00","2003-08-21 18:37:32","Flickmor",6.8395,81.8338,"https://live.staticflickr.com/2183/1921632741_baee2c47b8_c.jpg",0,"Ninthavur 14","EASTERN","AMPARA","2003-08-21","18:37:32"
"34838",1921630591,"44378953@N00","2003-08-21 18:29:18","Flickmor",6.8397,81.8338,"https://live.staticflickr.com/2270/1921630591_c0cba8a3b3_c.jpg",2,"Ninthavur 14","EASTERN","AMPARA","2003-08-21","18:29:18"
"34839",1922453000,"44378953@N00","2003-08-19 19:35:45","Flickmor",6.8397,81.8338,"https://live.staticflickr.com/2055/1922453000_60e85dc13a_c.jpg",2,"Ninthavur 14","EASTERN","AMPARA","2003-08-19","19:35:45"
"40968",51864461807,"35543182@N07","2021-12-15 09:21:23","msn_muditha2",7.3319,81.7038,"https://live.staticflickr.com/65535/51864461807_47c1bc7393_c.jpg",0,"Ninthavur 14","EASTERN","AMPARA","2021-12-15","09:21:23"
"45454",32626537624,"132852215@N04","2017-03-16 01:15:17","yooamigo",6.8402,81.8337,"https://live.staticflickr.com/3952/32626537624_875ff99bd0_c.jpg",2,"Ninthavur 14","EASTERN","AMPARA","2017-03-16","01:15:17"
"45455",29484219086,"132852215@N04","2016-09-07 04:12:44","yooamigo",6.8402,81.8337,"https://live.staticflickr.com/8144/29484219086_45eed070b1_c.jpg",2,"Ninthavur 14","EASTERN","AMPARA","2016-09-07","04:12:44"
"45458",30309831315,"35869018@N03","2016-10-13 18:35:59","achinthaMB",6.8678,81.8421,"https://live.staticflickr.com/8547/30309831315_8eb5344bb9_c.jpg",0,"Ninthavur 14","EASTERN","AMPARA","2016-10-13","18:35:59"
"45464",30064768652,"35869018@N03","2016-08-21 21:41:53","achinthaMB",6.8679,81.7363,"https://live.staticflickr.com/5821/30064768652_1d1c4d43c6_c.jpg",0,"Ninthavur 14","EASTERN","AMPARA","2016-08-21","21:41:53"
"45477",36003214380,"98148313@N07","2016-07-12 07:22:53","V. Epiney",6.8393,81.8355,"https://live.staticflickr.com/4354/36003214380_702c8914e5_c.jpg",0,"Ninthavur 14","EASTERN","AMPARA","2016-07-12","07:22:53"
"45483",27670684374,"35036297@N02","2016-06-23 13:28:45","Vojen Smíšek",6.8388,81.833,"https://live.staticflickr.com/8687/27670684374_dd569d1a00_c.jpg",0,"Ninthavur 14","EASTERN","AMPARA","2016-06-23","13:28:45"
"45485",13965639688,"55038292@N00","2014-05-01 02:24:18","Felix van de Gein",6.8394,81.8361,"https://live.staticflickr.com/2922/13965639688_f3049144d4_c.jpg",0,"Ninthavur 14","EASTERN","AMPARA","2014-05-01","02:24:18"
"45486",14070528392,"55038292@N00","2014-04-30 13:34:35","Felix van de Gein",6.8398,81.8363,"https://live.staticflickr.com/7388/14070528392_bdc6f4f684_c.jpg",0,"Ninthavur 14","EASTERN","AMPARA","2014-04-30","13:34:35"
"45488",14110494132,"55038292@N00","2014-04-30 10:21:58","Felix van de Gein",6.8394,81.8361,"https://live.staticflickr.com/5277/14110494132_4be422a851_c.jpg",0,"Ninthavur 14","EASTERN","AMPARA","2014-04-30","10:21:58"
"45509",8328232015,"90418382@N00","2012-12-30 07:27:35","LindsaySimmonds",6.8348,81.8358,"https://live.staticflickr.com/8214/8328232015_d4108b75ef_c.jpg",0,"Ninthavur 14","EASTERN","AMPARA","2012-12-30","07:27:35"
"45566",33873528045,"90654728@N03","2017-01-30 15:58:40","rafaeldpedro",6.8315,81.8316,"https://live.staticflickr.com/2883/33873528045_7a7f35dfe8_c.jpg",0,"Ninthavur 14","EASTERN","AMPARA","2017-01-30","15:58:40"
"45571",33059812293,"90654728@N03","2017-01-29 18:01:40","rafaeldpedro",6.8315,81.8316,"https://live.staticflickr.com/2908/33059812293_c50a978bba_c.jpg",0,"Ninthavur 14","EASTERN","AMPARA","2017-01-29","18:01:40"
"45573",33743882821,"90654728@N03","2017-01-29 11:58:20","rafaeldpedro",6.8363,81.831,"https://live.staticflickr.com/3937/33743882821_dd3e0b5ce6_c.jpg",0,"Ninthavur 14","EASTERN","AMPARA","2017-01-29","11:58:20"
"45575",33029456704,"90654728@N03","2017-01-28 20:02:10","rafaeldpedro",6.8315,81.8316,"https://live.staticflickr.com/2837/33029456704_abb98cd3d0_c.jpg",0,"Ninthavur 14","EASTERN","AMPARA","2017-01-28","20:02:10"
"45595",33059475633,"90654728@N03","2016-04-07 16:39:05","rafaeldpedro",6.8229,81.826,"https://live.staticflickr.com/3843/33059475633_a821341674_c.jpg",0,"Ninthavur 14","EASTERN","AMPARA","2016-04-07","16:39:05"
"45596",33029141394,"90654728@N03","2016-04-07 16:38:21","rafaeldpedro",6.8228,81.8261,"https://live.staticflickr.com/2865/33029141394_6a6ee7001e_c.jpg",0,"Ninthavur 14","EASTERN","AMPARA","2016-04-07","16:38:21"
"45597",33873318795,"90654728@N03","2016-04-05 18:07:38","rafaeldpedro",6.8313,81.831,"https://live.staticflickr.com/3847/33873318795_5467818615_c.jpg",0,"Ninthavur 14","EASTERN","AMPARA","2016-04-05","18:07:38"
"45598",33873229835,"90654728@N03","2016-04-05 17:32:01","rafaeldpedro",6.8201,81.8227,"https://live.staticflickr.com/2938/33873229835_a37efdf543_c.jpg",0,"Ninthavur 14","EASTERN","AMPARA","2016-04-05","17:32:01"
"45599",33059622033,"90654728@N03","2016-04-05 17:30:51","rafaeldpedro",6.8201,81.8226,"https://live.staticflickr.com/3727/33059622033_dcba38198b_c.jpg",0,"Ninthavur 14","EASTERN","AMPARA","2016-04-05","17:30:51"
"45600",33716432412,"90654728@N03","2016-04-05 17:27:34","rafaeldpedro",6.8195,81.8234,"https://live.staticflickr.com/2822/33716432412_92b745aeef_c.jpg",0,"Ninthavur 14","EASTERN","AMPARA","2016-04-05","17:27:34"
"45601",33488354440,"90654728@N03","2016-04-05 17:27:08","rafaeldpedro",6.8195,81.8235,"https://live.staticflickr.com/2863/33488354440_0c9c25724d_c.jpg",0,"Ninthavur 14","EASTERN","AMPARA","2016-04-05","17:27:08"
"45602",33743635011,"90654728@N03","2016-04-05 17:25:29","rafaeldpedro",6.819,81.824,"https://live.staticflickr.com/3933/33743635011_a1f05efc2a_c.jpg",0,"Ninthavur 14","EASTERN","AMPARA","2016-04-05","17:25:29"
"45604",33488308070,"90654728@N03","2016-04-04 14:47:51","rafaeldpedro",6.8301,81.8329,"https://live.staticflickr.com/2940/33488308070_9b6728a02e_c.jpg",0,"Ninthavur 14","EASTERN","AMPARA","2016-04-04","14:47:51"
"45605",33743633021,"90654728@N03","2016-04-04 14:39:51","rafaeldpedro",6.8301,81.833,"https://live.staticflickr.com/2828/33743633021_ff34dc833f_c.jpg",0,"Ninthavur 14","EASTERN","AMPARA","2016-04-04","14:39:51"
"45607",33743633361,"90654728@N03","2016-04-04 14:38:56","rafaeldpedro",6.8302,81.8328,"https://live.staticflickr.com/3894/33743633361_576f188ec8_c.jpg",0,"Ninthavur 14","EASTERN","AMPARA","2016-04-04","14:38:56"
"45612",33059517593,"90654728@N03","2016-04-04 14:38:33","rafaeldpedro",6.8302,81.8329,"https://live.staticflickr.com/2893/33059517593_5e0dcdbcff_c.jpg",0,"Ninthavur 14","EASTERN","AMPARA","2016-04-04","14:38:33"
"45613",33029087214,"90654728@N03","2016-04-03 12:01:30","rafaeldpedro",6.8207,81.8249,"https://live.staticflickr.com/2814/33029087214_a6e8228ed7_c.jpg",0,"Ninthavur 14","EASTERN","AMPARA","2016-04-03","12:01:30"
"45615",33488456080,"90654728@N03","2016-03-31 13:35:54","rafaeldpedro",7.4185,81.8278,"https://live.staticflickr.com/2883/33488456080_7c571a7aab_c.jpg",0,"Ninthavur 14","EASTERN","AMPARA","2016-03-31","13:35:54"
"45616",33832035586,"90654728@N03","2016-03-28 13:17:56","rafaeldpedro",6.8314,81.8314,"https://live.staticflickr.com/2816/33832035586_a43e2cd192_c.jpg",0,"Ninthavur 14","EASTERN","AMPARA","2016-03-28","13:17:56"
"45643",21161698796,"126899930@N08","2015-09-06 11:01:09","jmroundtheworld",6.8431,81.8318,"https://live.staticflickr.com/5804/21161698796_0d1ed5099b_c.jpg",3,"Ninthavur 14","EASTERN","AMPARA","2015-09-06","11:01:09"
"45644",20946976468,"126899930@N08","2015-09-03 12:22:26","jmroundtheworld",6.8464,81.8311,"https://live.staticflickr.com/5653/20946976468_557d38cc4d_c.jpg",0,"Ninthavur 14","EASTERN","AMPARA","2015-09-03","12:22:26"
"45645",21108606406,"126899930@N08","2015-09-02 16:32:34","jmroundtheworld",6.8464,81.8311,"https://live.staticflickr.com/763/21108606406_b1699f42b4_c.jpg",0,"Ninthavur 14","EASTERN","AMPARA","2015-09-02","16:32:34"
"45647",20947888329,"126899930@N08","2015-08-31 16:43:43","jmroundtheworld",6.8464,81.8311,"https://live.staticflickr.com/5782/20947888329_40e014ae73_c.jpg",0,"Ninthavur 14","EASTERN","AMPARA","2015-08-31","16:43:43"
"45648",20946488800,"126899930@N08","2015-08-30 16:03:29","jmroundtheworld",6.8464,81.8311,"https://live.staticflickr.com/564/20946488800_6bd82db69c_c.jpg",0,"Ninthavur 14","EASTERN","AMPARA","2015-08-30","16:03:29"
"45651",4908852644,"8181572@N05","2006-07-21 17:18:41","davе",6.8323,81.821,"https://live.staticflickr.com/4080/4908852644_7fafbb7a75_c.jpg",0,"Ninthavur 14","EASTERN","AMPARA","2006-07-21","17:18:41"
"45657",13946487982,"98543686@N02","2011-01-23 16:41:28","claudia.schillinger",7.3534,81.8567,"https://live.staticflickr.com/7268/13946487982_59442c35b9_c.jpg",0,"Ninthavur 14","EASTERN","AMPARA","2011-01-23","16:41:28"
"45658",13946468582,"98543686@N02","2011-01-23 12:48:29","claudia.schillinger",7.3493,81.8455,"https://live.staticflickr.com/7046/13946468582_99c40b8aef_c.jpg",0,"Ninthavur 14","EASTERN","AMPARA","2011-01-23","12:48:29"
"45663",13969285433,"98543686@N02","2011-01-23 07:51:23","claudia.schillinger",6.8402,81.8344,"https://live.staticflickr.com/7154/13969285433_778ae978da_c.jpg",2,"Ninthavur 14","EASTERN","AMPARA","2011-01-23","07:51:23"
"45665",48923552378,"98543686@N02","2011-01-22 18:04:17","claudia.schillinger",6.8402,81.8344,"https://live.staticflickr.com/65535/48923552378_6a0c051209_c.jpg",2,"Ninthavur 14","EASTERN","AMPARA","2011-01-22","18:04:17"
"46592",39574428871,"144303366@N08","2017-09-13 15:24:17","sunmaya1",7.2614,81.6252,"https://live.staticflickr.com/4590/39574428871_ed1dcd8d22_c.jpg",0,"Ninthavur 14","EASTERN","AMPARA","2017-09-13","15:24:17"
"46593",38678388195,"144303366@N08","2017-09-13 15:13:59","sunmaya1",7.2905,81.671,"https://live.staticflickr.com/4688/38678388195_6f38a17d9b_c.jpg",0,"Ninthavur 14","EASTERN","AMPARA","2017-09-13","15:13:59"
"46594",39574432981,"144303366@N08","2017-09-13 15:13:25","sunmaya1",7.291,81.6724,"https://live.staticflickr.com/4594/39574432981_552dfea1fc_c.jpg",0,"Ninthavur 14","EASTERN","AMPARA","2017-09-13","15:13:25"
"46595",25704549788,"144303366@N08","2017-09-13 15:13:16","sunmaya1",7.2911,81.6731,"https://live.staticflickr.com/4680/25704549788_fa7aa72350_c.jpg",0,"Ninthavur 14","EASTERN","AMPARA","2017-09-13","15:13:16"
"46596",39544978232,"144303366@N08","2017-09-13 15:12:29","sunmaya1",7.291,81.6748,"https://live.staticflickr.com/4595/39544978232_9df81faf47_c.jpg",0,"Ninthavur 14","EASTERN","AMPARA","2017-09-13","15:12:29"
"46597",39574437481,"144303366@N08","2017-09-13 15:11:47","sunmaya1",7.2911,81.6777,"https://live.staticflickr.com/4687/39574437481_24dbdf5a27_c.jpg",0,"Ninthavur 14","EASTERN","AMPARA","2017-09-13","15:11:47"
"46598",24706872847,"144303366@N08","2017-09-13 15:11:25","sunmaya1",7.2914,81.6795,"https://live.staticflickr.com/4595/24706872847_08cb1e1b5a_c.jpg",0,"Ninthavur 14","EASTERN","AMPARA","2017-09-13","15:11:25"
"46599",39574440031,"144303366@N08","2017-09-13 15:11:01","sunmaya1",7.2917,81.6815,"https://live.staticflickr.com/4733/39574440031_e51916d75c_c.jpg",0,"Ninthavur 14","EASTERN","AMPARA","2017-09-13","15:11:01"
"46600",24706875057,"144303366@N08","2017-09-13 15:10:44","sunmaya1",7.292,81.6829,"https://live.staticflickr.com/4730/24706875057_0df86a9239_c.jpg",0,"Ninthavur 14","EASTERN","AMPARA","2017-09-13","15:10:44"
"46601",24706876487,"144303366@N08","2017-09-13 15:00:59","sunmaya1",7.3299,81.7405,"https://live.staticflickr.com/4639/24706876487_a28397b204_c.jpg",0,"Ninthavur 14","EASTERN","AMPARA","2017-09-13","15:00:59"
"46602",25704558428,"144303366@N08","2017-09-13 15:00:40","sunmaya1",7.3309,81.7419,"https://live.staticflickr.com/4727/25704558428_9399ff842f_c.jpg",0,"Ninthavur 14","EASTERN","AMPARA","2017-09-13","15:00:40"
"46603",38865890554,"144303366@N08","2017-09-13 14:47:14","sunmaya1",7.3812,81.7341,"https://live.staticflickr.com/4728/38865890554_9e96759f61_c.jpg",0,"Ninthavur 14","EASTERN","AMPARA","2017-09-13","14:47:14"
"46604",27798116259,"144303366@N08","2017-09-13 14:36:45","sunmaya1",7.4034,81.7645,"https://live.staticflickr.com/4685/27798116259_43cafb7c42_c.jpg",0,"Ninthavur 14","EASTERN","AMPARA","2017-09-13","14:36:45"
"46605",39574444491,"144303366@N08","2017-09-13 14:35:44","sunmaya1",7.4064,81.7678,"https://live.staticflickr.com/4686/39574444491_7422b345ff_c.jpg",0,"Ninthavur 14","EASTERN","AMPARA","2017-09-13","14:35:44"
"46606",38865893464,"144303366@N08","2017-09-13 14:34:32","sunmaya1",7.407,81.7685,"https://live.staticflickr.com/4588/38865893464_a8a5a3b539_c.jpg",0,"Ninthavur 14","EASTERN","AMPARA","2017-09-13","14:34:32"
"46607",39574446911,"144303366@N08","2017-09-13 14:25:53","sunmaya1",7.4207,81.7984,"https://live.staticflickr.com/4591/39574446911_c0f04320d7_c.jpg",0,"Ninthavur 14","EASTERN","AMPARA","2017-09-13","14:25:53"
"46608",27798122529,"144303366@N08","2017-09-13 14:25:48","sunmaya1",7.4207,81.7986,"https://live.staticflickr.com/4598/27798122529_9e2a224006_c.jpg",0,"Ninthavur 14","EASTERN","AMPARA","2017-09-13","14:25:48"
"46609",24706888157,"144303366@N08","2017-09-13 14:19:32","sunmaya1",7.4171,81.8242,"https://live.staticflickr.com/4738/24706888157_2b82da60ed_c.jpg",0,"Ninthavur 14","EASTERN","AMPARA","2017-09-13","14:19:32"
"46610",38678415585,"144303366@N08","2017-09-13 14:19:20","sunmaya1",7.4177,81.8239,"https://live.staticflickr.com/4733/38678415585_e18bc4ef0c_c.jpg",0,"Ninthavur 14","EASTERN","AMPARA","2017-09-13","14:19:20"
"46611",25704502778,"144303366@N08","2017-09-13 14:18:24","sunmaya1",7.42,81.822,"https://live.staticflickr.com/4647/25704502778_fd0315029e_c.jpg",0,"Ninthavur 14","EASTERN","AMPARA","2017-09-13","14:18:24"
"46612",24706890087,"144303366@N08","2017-09-13 14:15:55","sunmaya1",7.432,81.8149,"https://live.staticflickr.com/4739/24706890087_d9f1b00f6d_c.jpg",0,"Ninthavur 14","EASTERN","AMPARA","2017-09-13","14:15:55"
"46613",38678420625,"144303366@N08","2017-09-13 14:15:31","sunmaya1",7.4337,81.8138,"https://live.staticflickr.com/4728/38678420625_e5154d177c_c.jpg",0,"Ninthavur 14","EASTERN","AMPARA","2017-09-13","14:15:31"
"46614",24706892177,"144303366@N08","2017-09-13 14:14:58","sunmaya1",7.4357,81.8133,"https://live.staticflickr.com/4636/24706892177_ea0f150177_c.jpg",0,"Ninthavur 14","EASTERN","AMPARA","2017-09-13","14:14:58"
"46615",39545001732,"144303366@N08","2017-09-13 14:14:43","sunmaya1",7.4366,81.8133,"https://live.staticflickr.com/4646/39545001732_53c6070675_c.jpg",0,"Ninthavur 14","EASTERN","AMPARA","2017-09-13","14:14:43"
"46616",24706894017,"144303366@N08","2017-09-13 14:07:48","sunmaya1",7.4378,81.8131,"https://live.staticflickr.com/4687/24706894017_89f5338f11_c.jpg",0,"Ninthavur 14","EASTERN","AMPARA","2017-09-13","14:07:48"
"47465",30967785036,"144303366@N08","1980-01-01 00:00:00","sunmaya1",6.7557,81.8121,"https://live.staticflickr.com/5805/30967785036_940237a90d_c.jpg",0,"Ninthavur 14","EASTERN","AMPARA","1980-01-01","00:00:00"
"47485",25367042349,"144303366@N08","1980-01-01 00:00:00","sunmaya1",6.7681,81.8131,"https://live.staticflickr.com/5679/25367042349_b3b717ce9a_c.jpg",0,"Ninthavur 14","EASTERN","AMPARA","1980-01-01","00:00:00"
"47486",25367042089,"144303366@N08","1980-01-01 00:00:00","sunmaya1",6.7582,81.8085,"https://live.staticflickr.com/5481/25367042089_f4ce378e34_c.jpg",0,"Ninthavur 14","EASTERN","AMPARA","1980-01-01","00:00:00"
"47491",22824598998,"144303366@N08","1980-01-01 00:00:00","sunmaya1",6.8438,81.8319,"https://live.staticflickr.com/5747/22824598998_2183dbf2db_c.jpg",3,"Ninthavur 14","EASTERN","AMPARA","1980-01-01","00:00:00"
"47528",11993333395,"35526509@N03","2013-12-03 18:46:23","Jonathan Ponnudurai",7.2322,81.8521,"https://live.staticflickr.com/5472/11993333395_7d78ed11c1_c.jpg",0,"Ninthavur 14","EASTERN","AMPARA","2013-12-03","18:46:23"
"47535",11796127615,"35526509@N03","2013-12-03 15:32:05","Jonathan Ponnudurai",7.4197,81.8226,"https://live.staticflickr.com/3822/11796127615_6663fcd9b3_c.jpg",0,"Ninthavur 14","EASTERN","AMPARA","2013-12-03","15:32:05"
"47542",11993551233,"35526509@N03","2013-12-03 13:45:17","Jonathan Ponnudurai",7.3634,81.7978,"https://live.staticflickr.com/2847/11993551233_8bbe8d6e77_c.jpg",0,"Ninthavur 14","EASTERN","AMPARA","2013-12-03","13:45:17"
"48147",46982717014,"128246464@N08","2019-04-20 13:47:19","Pierre de Sable",7.5632,81.3945,"https://live.staticflickr.com/65535/46982717014_c6580f0de6_c.jpg",0,"Ninthavur 14","EASTERN","AMPARA","2019-04-20","13:47:19"
"48148",46982715804,"128246464@N08","2019-04-20 13:41:23","Pierre de Sable",7.5382,81.3662,"https://live.staticflickr.com/65535/46982715804_e0879184dc_c.jpg",0,"Ninthavur 14","EASTERN","AMPARA","2019-04-20","13:41:23"
"48150",33894873528,"128246464@N08","2019-04-20 13:37:09","Pierre de Sable",7.5145,81.3407,"https://live.staticflickr.com/65535/33894873528_9127536054_c.jpg",0,"Ninthavur 14","EASTERN","AMPARA","2019-04-20","13:37:09"
"48151",46855525655,"128246464@N08","2019-04-20 13:35:20","Pierre de Sable",7.5068,81.3357,"https://live.staticflickr.com/65535/46855525655_fe4211bc9d_c.jpg",0,"Ninthavur 14","EASTERN","AMPARA","2019-04-20","13:35:20"
"48154",33894869338,"128246464@N08","2019-04-20 13:34:34","Pierre de Sable",7.5047,81.3317,"https://live.staticflickr.com/65535/33894869338_4d8df67cec_c.jpg",0,"Ninthavur 14","EASTERN","AMPARA","2019-04-20","13:34:34"
"48155",46982700134,"128246464@N08","2019-04-20 13:27:38","Pierre de Sable",7.4773,81.3007,"https://live.staticflickr.com/65535/46982700134_dac32a5275_c.jpg",0,"Ninthavur 14","EASTERN","AMPARA","2019-04-20","13:27:38"
"48159",46982694404,"128246464@N08","2019-04-20 13:25:17","Pierre de Sable",7.469,81.2898,"https://live.staticflickr.com/65535/46982694404_2c03096486_c.jpg",0,"Ninthavur 14","EASTERN","AMPARA","2019-04-20","13:25:17"
"48161",33894853798,"128246464@N08","2019-04-20 13:10:58","Pierre de Sable",7.4052,81.2435,"https://live.staticflickr.com/65535/33894853798_8e6daae2bf_c.jpg",0,"Ninthavur 14","EASTERN","AMPARA","2019-04-20","13:10:58"
"48163",32828300147,"128246464@N08","2019-04-20 13:03:17","Pierre de Sable",7.3907,81.2335,"https://live.staticflickr.com/65535/32828300147_2cc5870148_c.jpg",0,"Ninthavur 14","EASTERN","AMPARA","2019-04-20","13:03:17"
"48164",40805683873,"128246464@N08","2019-04-20 13:02:46","Pierre de Sable",7.3908,81.2333,"https://live.staticflickr.com/65535/40805683873_080b323e58_c.jpg",0,"Ninthavur 14","EASTERN","AMPARA","2019-04-20","13:02:46"
"48165",40805683553,"128246464@N08","2019-04-20 12:56:02","Pierre de Sable",7.3905,81.233,"https://live.staticflickr.com/65535/40805683553_3824156b27_c.jpg",0,"Ninthavur 14","EASTERN","AMPARA","2019-04-20","12:56:02"
"48166",32828297657,"128246464@N08","2019-04-20 12:34:11","Pierre de Sable",7.382,81.202,"https://live.staticflickr.com/65535/32828297657_c1a804d035_c.jpg",0,"Ninthavur 14","EASTERN","AMPARA","2019-04-20","12:34:11"
"55155",13558414565,"10441837@N06","2011-01-02 01:43:39","Anand Leo",7.2923,81.6728,"https://live.staticflickr.com/3734/13558414565_0c5ae518e7_c.jpg",0,"Ninthavur 14","EASTERN","AMPARA","2011-01-02","01:43:39"
"55161",13558413755,"10441837@N06","2011-01-01 18:21:37","Anand Leo",7.2923,81.6728,"https://live.staticflickr.com/3784/13558413755_cdd8b69e00_c.jpg",0,"Ninthavur 14","EASTERN","AMPARA","2011-01-01","18:21:37"
"55256",13741746014,"10441837@N06","2011-01-01 04:16:46","Anand Leo",7.6445,81.2165,"https://live.staticflickr.com/5133/13741746014_9a6974c9b1_c.jpg",0,"Ninthavur 14","EASTERN","AMPARA","2011-01-01","04:16:46"
"55370",45651638542,"30457633@N03","2018-11-03 13:09:57","cisco image ",7.2881,81.665,"https://live.staticflickr.com/4844/45651638542_558cf4a4e6_c.jpg",0,"Ninthavur 14","EASTERN","AMPARA","2018-11-03","13:09:57"
"55371",45651636762,"30457633@N03","2018-11-03 13:09:30","cisco image ",7.2853,81.6539,"https://live.staticflickr.com/4898/45651636762_f7ec8961b6_c.jpg",0,"Ninthavur 14","EASTERN","AMPARA","2018-11-03","13:09:30"
"55389",39415770301,"30457633@N03","2016-07-29 18:47:28","cisco image ",7.2912,81.6758,"https://live.staticflickr.com/4635/39415770301_5682950a39_c.jpg",0,"Ninthavur 14","EASTERN","AMPARA","2016-07-29","18:47:28"
"66609",6783659165,"7205727@N07","2010-06-16 07:47:21","sajeevclub",7.3912,81.8309,"https://live.staticflickr.com/7016/6783659165_5e0d278061_c.jpg",0,"Ninthavur 14","EASTERN","AMPARA","2010-06-16","07:47:21"
"66613",5354955081,"25405741@N00","2010-11-24 08:32:51","springm / Markus Spring",7.3963,81.8417,"https://live.staticflickr.com/5202/5354955081_ced0c08bdb_c.jpg",0,"Ninthavur 14","EASTERN","AMPARA","2010-11-24","08:32:51"
"66614",5334519586,"25405741@N00","2010-11-24 07:04:43","springm / Markus Spring",7.3969,81.8421,"https://live.staticflickr.com/5168/5334519586_7819d597b9_c.jpg",0,"Ninthavur 14","EASTERN","AMPARA","2010-11-24","07:04:43"
"66629",3258259823,"25405741@N00","2009-01-21 11:20:46","springm / Markus Spring",7.3962,81.8439,"https://live.staticflickr.com/3309/3258259823_a313bf91d6_c.jpg",0,"Ninthavur 14","EASTERN","AMPARA","2009-01-21","11:20:46"
"66630",3270698014,"25405741@N00","2009-01-21 11:14:06","springm / Markus Spring",7.396,81.8434,"https://live.staticflickr.com/3389/3270698014_becfe86b24_c.jpg",0,"Ninthavur 14","EASTERN","AMPARA","2009-01-21","11:14:06"
"66650",2981034456,"25405741@N00","2008-10-09 02:42:05","springm / Markus Spring",7.3954,81.8436,"https://live.staticflickr.com/3002/2981034456_02c9fd665a_c.jpg",0,"Ninthavur 14","EASTERN","AMPARA","2008-10-09","02:42:05"
"66652",2955866046,"25405741@N00","2008-10-08 12:11:51","springm / Markus Spring",7.4485,81.8139,"https://live.staticflickr.com/3045/2955866046_27903f701c_c.jpg",0,"Ninthavur 14","EASTERN","AMPARA","2008-10-08","12:11:51"
"66653",2947904534,"25405741@N00","2008-10-08 11:08:36","springm / Markus Spring",7.4045,81.8413,"https://live.staticflickr.com/3197/2947904534_f02264de26_c.jpg",0,"Ninthavur 14","EASTERN","AMPARA","2008-10-08","11:08:36"
"66668",2560667029,"25405741@N00","2008-05-22 14:48:46","springm / Markus Spring",7.3973,81.843,"https://live.staticflickr.com/3281/2560667029_07fc459c61_c.jpg",0,"Ninthavur 14","EASTERN","AMPARA","2008-05-22","14:48:46"
"66669",2538642969,"25405741@N00","2008-05-20 07:31:57","springm / Markus Spring",7.3971,81.8436,"https://live.staticflickr.com/3265/2538642969_25cd7a52a6_c.jpg",0,"Ninthavur 14","EASTERN","AMPARA","2008-05-20","07:31:57"
"66670",2542763174,"25405741@N00","2008-05-20 02:50:36","springm / Markus Spring",7.3973,81.843,"https://live.staticflickr.com/2087/2542763174_24e8ff3092_c.jpg",0,"Ninthavur 14","EASTERN","AMPARA","2008-05-20","02:50:36"
"67071",37018930424,"65313728@N04","2017-09-28 06:00:15","Hushaard",6.8474,81.8315,"https://live.staticflickr.com/4455/37018930424_9918591131_c.jpg",0,"Ninthavur 14","EASTERN","AMPARA","2017-09-28","06:00:15"
"67072",37728185091,"65313728@N04","2017-09-28 05:57:59","Hushaard",6.8474,81.8317,"https://live.staticflickr.com/4461/37728185091_2e04ac632b_c.jpg",0,"Ninthavur 14","EASTERN","AMPARA","2017-09-28","05:57:59"
"67074",37680124516,"65313728@N04","2017-09-28 05:56:51","Hushaard",6.8474,81.8316,"https://live.staticflickr.com/4496/37680124516_4dee7a4c41_c.jpg",0,"Ninthavur 14","EASTERN","AMPARA","2017-09-28","05:56:51"
"67098",37018793094,"65313728@N04","2017-09-28 05:47:47","Hushaard",6.8474,81.8313,"https://live.staticflickr.com/4467/37018793094_7c6f165525_c.jpg",0,"Ninthavur 14","EASTERN","AMPARA","2017-09-28","05:47:47"
"67106",37727964701,"65313728@N04","2017-09-28 05:26:10","Hushaard",6.847,81.8315,"https://live.staticflickr.com/4491/37727964701_357c5253a2_c.jpg",0,"Ninthavur 14","EASTERN","AMPARA","2017-09-28","05:26:10"
"67108",37696168602,"65313728@N04","2017-09-28 05:25:06","Hushaard",6.8473,81.8316,"https://live.staticflickr.com/4445/37696168602_44f0f12d9a_c.jpg",0,"Ninthavur 14","EASTERN","AMPARA","2017-09-28","05:25:06"
"67109",37054416673,"65313728@N04","2017-09-27 10:05:24","Hushaard",6.8402,81.833,"https://live.staticflickr.com/4457/37054416673_13beb7fc16_c.jpg",0,"Ninthavur 14","EASTERN","AMPARA","2017-09-27","10:05:24"
"67110",37724492501,"65313728@N04","2017-09-27 09:53:16","Hushaard",6.8401,81.833,"https://live.staticflickr.com/4478/37724492501_921956294b_c.jpg",0,"Ninthavur 14","EASTERN","AMPARA","2017-09-27","09:53:16"
"67111",37680694822,"65313728@N04","2017-09-27 09:52:20","Hushaard",6.8403,81.833,"https://live.staticflickr.com/4444/37680694822_4be81a4df1_c.jpg",0,"Ninthavur 14","EASTERN","AMPARA","2017-09-27","09:52:20"
"67113",37452992150,"65313728@N04","2017-09-27 09:51:51","Hushaard",6.8404,81.8328,"https://live.staticflickr.com/4474/37452992150_d2d5e114c6_c.jpg",0,"Ninthavur 14","EASTERN","AMPARA","2017-09-27","09:51:51"
"67115",37039982493,"65313728@N04","2017-09-27 09:26:40","Hushaard",6.8435,81.8315,"https://live.staticflickr.com/4483/37039982493_1f8c18381d_c.jpg",3,"Ninthavur 14","EASTERN","AMPARA","2017-09-27","09:26:40"
"67116",37000593454,"65313728@N04","2017-09-27 09:21:51","Hushaard",6.8433,81.832,"https://live.staticflickr.com/4503/37000593454_4f8a84330c_c.jpg",3,"Ninthavur 14","EASTERN","AMPARA","2017-09-27","09:21:51"
"67117",37661704036,"65313728@N04","2017-09-27 08:06:04","Hushaard",6.8474,81.8316,"https://live.staticflickr.com/4447/37661704036_7510dfa25a_c.jpg",0,"Ninthavur 14","EASTERN","AMPARA","2017-09-27","08:06:04"
"73791",51899226880,"43296902@N00","2022-02-22 07:11:26","Dennis S. Hurd",6.842,81.8327,"https://live.staticflickr.com/65535/51899226880_c4e699b514_c.jpg",0,"Ninthavur 14","EASTERN","AMPARA","2022-02-22","07:11:26"
"73798",51899225830,"43296902@N00","2022-02-22 07:08:42","Dennis S. Hurd",6.8419,81.8327,"https://live.staticflickr.com/65535/51899225830_efe5ca3bdc_c.jpg",0,"Ninthavur 14","EASTERN","AMPARA","2022-02-22","07:08:42"
"80601",20531558485,"97369127@N04","2015-07-31 14:43:25","ShanghAri",6.8414,81.8321,"https://live.staticflickr.com/5719/20531558485_8076460217_c.jpg",0,"Ninthavur 14","EASTERN","AMPARA","2015-07-31","14:43:25"
"80602",19910632923,"97369127@N04","2015-07-31 14:42:09","ShanghAri",6.8414,81.8323,"https://live.staticflickr.com/5816/19910632923_f298c34018_c.jpg",0,"Ninthavur 14","EASTERN","AMPARA","2015-07-31","14:42:09"
"80603",20505361686,"97369127@N04","2015-07-31 13:47:37","ShanghAri",6.7671,81.8253,"https://live.staticflickr.com/5717/20505361686_8fd9215177_c.jpg",0,"Ninthavur 14","EASTERN","AMPARA","2015-07-31","13:47:37"
"80610",20505304436,"97369127@N04","2015-07-31 12:35:06","ShanghAri",6.7672,81.8252,"https://live.staticflickr.com/5835/20505304436_8c22f23d53_c.jpg",0,"Ninthavur 14","EASTERN","AMPARA","2015-07-31","12:35:06"
"80611",20531623395,"97369127@N04","2015-07-31 12:33:40","ShanghAri",6.7672,81.8251,"https://live.staticflickr.com/5703/20531623395_fc768af1db_c.jpg",0,"Ninthavur 14","EASTERN","AMPARA","2015-07-31","12:33:40"
"80618",20344905739,"97369127@N04","2015-07-31 12:32:31","ShanghAri",6.7671,81.8248,"https://live.staticflickr.com/5696/20344905739_e37d35b462_c.jpg",0,"Ninthavur 14","EASTERN","AMPARA","2015-07-31","12:32:31"
"80619",20505305426,"97369127@N04","2015-07-31 12:21:04","ShanghAri",6.7659,81.8244,"https://live.staticflickr.com/5731/20505305426_aaa739fdec_c.jpg",0,"Ninthavur 14","EASTERN","AMPARA","2015-07-31","12:21:04"
"80620",20522658032,"97369127@N04","2015-07-31 11:13:50","ShanghAri",6.877,81.8368,"https://live.staticflickr.com/5769/20522658032_875f5841b8_c.jpg",0,"Ninthavur 14","EASTERN","AMPARA","2015-07-31","11:13:50"
"80621",19910643523,"97369127@N04","2015-07-31 11:13:39","ShanghAri",6.8771,81.8368,"https://live.staticflickr.com/5836/19910643523_c8c5496cc2_c.jpg",0,"Ninthavur 14","EASTERN","AMPARA","2015-07-31","11:13:39"
"80624",20537950721,"97369127@N04","2015-07-31 11:13:29","ShanghAri",6.8771,81.8367,"https://live.staticflickr.com/5821/20537950721_1d93ab8a94_c.jpg",0,"Ninthavur 14","EASTERN","AMPARA","2015-07-31","11:13:29"
"80626",20343479650,"97369127@N04","2015-07-31 11:07:49","ShanghAri",6.8832,81.8387,"https://live.staticflickr.com/5692/20343479650_d4fc24c0a5_c.jpg",0,"Ninthavur 14","EASTERN","AMPARA","2015-07-31","11:07:49"
"80629",20344851399,"97369127@N04","2015-07-30 19:52:44","ShanghAri",6.8482,81.8301,"https://live.staticflickr.com/5729/20344851399_aebbc71fc9_c.jpg",0,"Ninthavur 14","EASTERN","AMPARA","2015-07-30","19:52:44"
"82015",52323868361,"146623558@N06","2022-07-23 06:10:36","Suranga abey",6.7619,81.8112,"https://live.staticflickr.com/65535/52323868361_c2421f2198_c.jpg",0,"Ninthavur 14","EASTERN","AMPARA","2022-07-23","06:10:36"
"84507",16633486400,"59575381@N06","2015-03-03 04:21:12","Byghan",6.52,81.7012,"https://live.staticflickr.com/8580/16633486400_9119b14df5_c.jpg",0,"Ninthavur 14","EASTERN","AMPARA","2015-03-03","04:21:12"
"86833",34985156701,"58364040@N03","2017-06-05 20:32:53","Dilshan Wijesooriya",6.8401,81.8344,"https://live.staticflickr.com/4253/34985156701_7c38601dff_c.jpg",2,"Ninthavur 14","EASTERN","AMPARA","2017-06-05","20:32:53"
"89549",31877587960,"103986333@N02","2016-07-14 14:41:02","Melbiasto",6.6489,81.7699,"https://live.staticflickr.com/373/31877587960_8a057e47bb_c.jpg",0,"Ninthavur 14","EASTERN","AMPARA","2016-07-14","14:41:02"
"89550",31877590800,"103986333@N02","2016-07-14 13:47:23","Melbiasto",6.5858,81.7377,"https://live.staticflickr.com/743/31877590800_66ee813b8f_c.jpg",0,"Ninthavur 14","EASTERN","AMPARA","2016-07-14","13:47:23"
"89551",31877595980,"103986333@N02","2016-07-14 12:52:59","Melbiasto",6.5238,81.7006,"https://live.staticflickr.com/660/31877595980_62bb03e9a5_c.jpg",0,"Ninthavur 14","EASTERN","AMPARA","2016-07-14","12:52:59"
"89552",31443444493,"103986333@N02","2016-07-14 11:01:43","Melbiasto",6.6179,81.7405,"https://live.staticflickr.com/476/31443444493_470f0f85c6_c.jpg",0,"Ninthavur 14","EASTERN","AMPARA","2016-07-14","11:01:43"
"90077",12873759705,"98499408@N07","2012-10-25 10:29:50","Ole Holbech",6.8724,81.8301,"https://live.staticflickr.com/7326/12873759705_76c85ab0bc_c.jpg",0,"Ninthavur 14","EASTERN","AMPARA","2012-10-25","10:29:50"
"90078",12873760403,"98499408@N07","2012-10-25 10:29:46","Ole Holbech",6.8729,81.83,"https://live.staticflickr.com/3715/12873760403_c1d402bf6b_c.jpg",0,"Ninthavur 14","EASTERN","AMPARA","2012-10-25","10:29:46"
"90079",12874192074,"98499408@N07","2012-10-25 10:29:24","Ole Holbech",6.8403,81.834,"https://live.staticflickr.com/2847/12874192074_1be12c4d01_c.jpg",2,"Ninthavur 14","EASTERN","AMPARA","2012-10-25","10:29:24"
"90081",31583832011,"98499408@N07","2012-10-25 10:29:09","Ole Holbech",6.84,81.8341,"https://live.staticflickr.com/427/31583832011_f3f7588d6f_c.jpg",2,"Ninthavur 14","EASTERN","AMPARA","2012-10-25","10:29:09"
"90094",12873862503,"98499408@N07","2012-10-25 10:23:25","Ole Holbech",6.8393,81.8333,"https://live.staticflickr.com/3751/12873862503_b875ed4fbe_c.jpg",0,"Ninthavur 14","EASTERN","AMPARA","2012-10-25","10:23:25"
"90097",12874103684,"98499408@N07","2012-10-23 16:38:27","Ole Holbech",6.7297,81.7891,"https://live.staticflickr.com/7387/12874103684_f11ab39c86_c.jpg",0,"Ninthavur 14","EASTERN","AMPARA","2012-10-23","16:38:27"
"90105",12873780425,"98499408@N07","2012-10-23 14:19:23","Ole Holbech",6.65,81.7722,"https://live.staticflickr.com/2851/12873780425_599d993071_c.jpg",0,"Ninthavur 14","EASTERN","AMPARA","2012-10-23","14:19:23"
"90106",12873782985,"98499408@N07","2012-10-23 14:19:18","Ole Holbech",6.6513,81.7716,"https://live.staticflickr.com/7307/12873782985_954468e4c8_c.jpg",0,"Ninthavur 14","EASTERN","AMPARA","2012-10-23","14:19:18"
"90107",12873786275,"98499408@N07","2012-10-23 14:19:11","Ole Holbech",6.6519,81.7705,"https://live.staticflickr.com/7442/12873786275_d063491fb0_c.jpg",0,"Ninthavur 14","EASTERN","AMPARA","2012-10-23","14:19:11"
"90108",12874216024,"98499408@N07","2012-10-23 14:18:58","Ole Holbech",6.6529,81.7697,"https://live.staticflickr.com/2881/12874216024_1522ebf33d_c.jpg",0,"Ninthavur 14","EASTERN","AMPARA","2012-10-23","14:18:58"
"90112",12873873383,"98499408@N07","2012-10-23 14:13:08","Ole Holbech",6.6499,81.7725,"https://live.staticflickr.com/3707/12873873383_e8d5cece3f_c.jpg",0,"Ninthavur 14","EASTERN","AMPARA","2012-10-23","14:13:08"
"90113",31583643621,"98499408@N07","2012-10-23 14:10:34","Ole Holbech",6.8195,81.823,"https://live.staticflickr.com/532/31583643621_e9d73fa3a7_c.jpg",0,"Ninthavur 14","EASTERN","AMPARA","2012-10-23","14:10:34"
"90117",12874107024,"98499408@N07","2012-10-23 14:10:20","Ole Holbech",6.8281,81.8284,"https://live.staticflickr.com/7346/12874107024_37102d96f4_c.jpg",0,"Ninthavur 14","EASTERN","AMPARA","2012-10-23","14:10:20"
"90120",12873879383,"98499408@N07","2012-10-23 14:10:05","Ole Holbech",6.8392,81.8333,"https://live.staticflickr.com/3685/12873879383_9dac7c6517_c.jpg",0,"Ninthavur 14","EASTERN","AMPARA","2012-10-23","14:10:05"
"90121",31699693765,"98499408@N07","2012-10-23 14:09:57","Ole Holbech",6.8386,81.8399,"https://live.staticflickr.com/365/31699693765_ae63554247_c.jpg",0,"Ninthavur 14","EASTERN","AMPARA","2012-10-23","14:09:57"
"90132",30889184483,"98499408@N07","2012-10-23 12:59:22","Ole Holbech",6.8229,81.7612,"https://live.staticflickr.com/715/30889184483_141cdc7ec3_c.jpg",0,"Ninthavur 14","EASTERN","AMPARA","2012-10-23","12:59:22"
"90165",12874244744,"98499408@N07","2012-10-23 12:48:53","Ole Holbech",6.8478,81.8272,"https://live.staticflickr.com/3743/12874244744_e3a22eed53_c.jpg",0,"Ninthavur 14","EASTERN","AMPARA","2012-10-23","12:48:53"
"90166",12873772013,"98499408@N07","2012-10-23 12:48:48","Ole Holbech",6.8435,81.8279,"https://live.staticflickr.com/3795/12873772013_7b05c34b11_c.jpg",0,"Ninthavur 14","EASTERN","AMPARA","2012-10-23","12:48:48"
"90167",12873907463,"98499408@N07","2012-10-23 12:48:30","Ole Holbech",6.8753,81.8296,"https://live.staticflickr.com/7343/12873907463_d19a83bed8_c.jpg",0,"Ninthavur 14","EASTERN","AMPARA","2012-10-23","12:48:30"
"90168",12873817475,"98499408@N07","2012-10-23 12:48:18","Ole Holbech",6.8704,81.8306,"https://live.staticflickr.com/2838/12873817475_fe5213a816_c.jpg",0,"Ninthavur 14","EASTERN","AMPARA","2012-10-23","12:48:18"
"90169",12874248904,"98499408@N07","2012-10-23 12:48:12","Ole Holbech",6.8699,81.831,"https://live.staticflickr.com/2878/12874248904_9ba2701000_c.jpg",0,"Ninthavur 14","EASTERN","AMPARA","2012-10-23","12:48:12"
"90170",12873772283,"98499408@N07","2012-10-23 12:48:07","Ole Holbech",6.8668,81.8326,"https://live.staticflickr.com/2874/12873772283_004a0ac042_c.jpg",0,"Ninthavur 14","EASTERN","AMPARA","2012-10-23","12:48:07"
"90171",12873819065,"98499408@N07","2012-10-23 12:48:00","Ole Holbech",6.8603,81.832,"https://live.staticflickr.com/7352/12873819065_fe4abb8a08_c.jpg",0,"Ninthavur 14","EASTERN","AMPARA","2012-10-23","12:48:00"
"90172",12873773173,"98499408@N07","2012-10-23 12:47:49","Ole Holbech",6.873,81.83,"https://live.staticflickr.com/7352/12873773173_5a980c6669_c.jpg",0,"Ninthavur 14","EASTERN","AMPARA","2012-10-23","12:47:49"
"90173",12873911103,"98499408@N07","2012-10-23 12:46:45","Ole Holbech",6.8465,81.8295,"https://live.staticflickr.com/3752/12873911103_0efb569c41_c.jpg",0,"Ninthavur 14","EASTERN","AMPARA","2012-10-23","12:46:45"
"90175",12874252054,"98499408@N07","2012-10-23 12:46:36","Ole Holbech",6.8508,81.8299,"https://live.staticflickr.com/3699/12874252054_4fc5472c5a_c.jpg",0,"Ninthavur 14","EASTERN","AMPARA","2012-10-23","12:46:36"
"90176",12874254924,"98499408@N07","2012-10-23 12:46:31","Ole Holbech",6.849,81.8296,"https://live.staticflickr.com/7375/12874254924_c11997191b_c.jpg",0,"Ninthavur 14","EASTERN","AMPARA","2012-10-23","12:46:31"
"90178",12873825645,"98499408@N07","2012-10-23 12:46:11","Ole Holbech",6.8532,81.8298,"https://live.staticflickr.com/2830/12873825645_559c39cd5a_c.jpg",0,"Ninthavur 14","EASTERN","AMPARA","2012-10-23","12:46:11"
"90179",12873917553,"98499408@N07","2012-10-23 12:45:57","Ole Holbech",6.835,81.8392,"https://live.staticflickr.com/7380/12873917553_4fac3e2c54_c.jpg",0,"Ninthavur 14","EASTERN","AMPARA","2012-10-23","12:45:57"
"90180",12874258364,"98499408@N07","2012-10-23 12:45:23","Ole Holbech",6.8533,81.8296,"https://live.staticflickr.com/7302/12874258364_eb1c2d423c_c.jpg",0,"Ninthavur 14","EASTERN","AMPARA","2012-10-23","12:45:23"
"90181",12873828925,"98499408@N07","2012-10-23 12:45:15","Ole Holbech",6.8442,81.8279,"https://live.staticflickr.com/7326/12873828925_bb497d343b_c.jpg",0,"Ninthavur 14","EASTERN","AMPARA","2012-10-23","12:45:15"
"90182",12874259884,"98499408@N07","2012-10-23 12:44:35","Ole Holbech",6.8956,81.6921,"https://live.staticflickr.com/7310/12874259884_de5926cb38_c.jpg",0,"Ninthavur 14","EASTERN","AMPARA","2012-10-23","12:44:35"
"90190",12874114744,"98499408@N07","2012-10-23 12:43:17","Ole Holbech",6.8399,81.8343,"https://live.staticflickr.com/7322/12874114744_f6c1981923_c.jpg",2,"Ninthavur 14","EASTERN","AMPARA","2012-10-23","12:43:17"
"90193",12874268434,"98499408@N07","2012-10-23 12:42:57","Ole Holbech",6.8392,81.8332,"https://live.staticflickr.com/3754/12874268434_a0c6ae8b6c_c.jpg",0,"Ninthavur 14","EASTERN","AMPARA","2012-10-23","12:42:57"
"90195",12874269304,"98499408@N07","2012-10-23 12:42:31","Ole Holbech",6.8395,81.8331,"https://live.staticflickr.com/7377/12874269304_a6142b4953_c.jpg",0,"Ninthavur 14","EASTERN","AMPARA","2012-10-23","12:42:31"
"90196",12874117634,"98499408@N07","2012-10-23 12:42:20","Ole Holbech",6.84,81.8343,"https://live.staticflickr.com/3766/12874117634_9e30bbee3d_c.jpg",2,"Ninthavur 14","EASTERN","AMPARA","2012-10-23","12:42:20"
"90199",12873931683,"98499408@N07","2012-10-23 12:41:41","Ole Holbech",6.8441,81.8277,"https://live.staticflickr.com/3759/12873931683_66d72134ff_c.jpg",0,"Ninthavur 14","EASTERN","AMPARA","2012-10-23","12:41:41"
"90200",12874274164,"98499408@N07","2012-10-23 12:38:35","Ole Holbech",6.8339,81.8338,"https://live.staticflickr.com/3778/12874274164_6b219fc4ff_c.jpg",0,"Ninthavur 14","EASTERN","AMPARA","2012-10-23","12:38:35"
"90207",30857773544,"98499408@N07","2012-10-23 12:38:11","Ole Holbech",6.8334,81.8339,"https://live.staticflickr.com/452/30857773544_ce72dddf0f_c.jpg",0,"Ninthavur 14","EASTERN","AMPARA","2012-10-23","12:38:11"
"90209",12874124374,"98499408@N07","2012-10-23 12:37:28","Ole Holbech",6.8512,81.8299,"https://live.staticflickr.com/3686/12874124374_530d6d943c_c.jpg",0,"Ninthavur 14","EASTERN","AMPARA","2012-10-23","12:37:28"
"92008",40709189974,"114755813@N04","2018-03-28 17:54:06","Lanka Bison will soon leave this web. Thank`s for ",6.6088,81.744,"https://live.staticflickr.com/820/40709189974_b3b96b0310_c.jpg",0,"Ninthavur 14","EASTERN","AMPARA","2018-03-28","17:54:06"
"92010",40709190744,"114755813@N04","2018-03-28 17:05:20","Lanka Bison will soon leave this web. Thank`s for ",6.5303,81.7046,"https://live.staticflickr.com/810/40709190744_7107c6f29b_c.jpg",0,"Ninthavur 14","EASTERN","AMPARA","2018-03-28","17:05:20"
"92011",40709193804,"114755813@N04","2018-03-28 16:56:37","Lanka Bison will soon leave this web. Thank`s for ",6.5292,81.7037,"https://live.staticflickr.com/894/40709193804_912627805a_c.jpg",0,"Ninthavur 14","EASTERN","AMPARA","2018-03-28","16:56:37"
"92012",40709194554,"114755813@N04","2018-03-28 16:54:21","Lanka Bison will soon leave this web. Thank`s for ",6.5294,81.705,"https://live.staticflickr.com/891/40709194554_700287d79a_c.jpg",0,"Ninthavur 14","EASTERN","AMPARA","2018-03-28","16:54:21"
"92013",40709195144,"114755813@N04","2018-03-28 16:43:48","Lanka Bison will soon leave this web. Thank`s for ",6.5292,81.7059,"https://live.staticflickr.com/863/40709195144_6cb5080cdb_c.jpg",0,"Ninthavur 14","EASTERN","AMPARA","2018-03-28","16:43:48"
"92014",40709200184,"114755813@N04","2018-03-28 07:25:19","Lanka Bison will soon leave this web. Thank`s for ",6.7662,81.812,"https://live.staticflickr.com/890/40709200184_4bd0e300e0_c.jpg",0,"Ninthavur 14","EASTERN","AMPARA","2018-03-28","07:25:19"
"92015",41115421804,"114755813@N04","2018-03-27 17:59:23","Lanka Bison will soon leave this web. Thank`s for ",6.8592,81.8308,"https://live.staticflickr.com/975/41115421804_b8d746f5fc_c.jpg",0,"Ninthavur 14","EASTERN","AMPARA","2018-03-27","17:59:23"
"92016",40933569345,"114755813@N04","2018-03-27 17:40:02","Lanka Bison will soon leave this web. Thank`s for ",6.8399,81.8315,"https://live.staticflickr.com/960/40933569345_e0628fe870_c.jpg",0,"Ninthavur 14","EASTERN","AMPARA","2018-03-27","17:40:02"
"92019",41423392541,"114755813@N04","2018-03-27 13:58:57","Lanka Bison will soon leave this web. Thank`s for ",6.878,81.7296,"https://live.staticflickr.com/875/41423392541_f9ed67d425_c.jpg",0,"Ninthavur 14","EASTERN","AMPARA","2018-03-27","13:58:57"
"92020",27551738198,"114755813@N04","2018-03-27 13:56:40","Lanka Bison will soon leave this web. Thank`s for ",6.8784,81.7211,"https://live.staticflickr.com/902/27551738198_c5a4cc62d9_c.jpg",0,"Ninthavur 14","EASTERN","AMPARA","2018-03-27","13:56:40"
"92021",27551738758,"114755813@N04","2018-03-27 13:46:55","Lanka Bison will soon leave this web. Thank`s for ",6.8907,81.6921,"https://live.staticflickr.com/882/27551738758_3651437b7f_c.jpg",0,"Ninthavur 14","EASTERN","AMPARA","2018-03-27","13:46:55"
"92744",47037446491,"136783266@N04","2019-02-08 18:15:51","erdbeernaut",6.5965,81.7325,"https://live.staticflickr.com/7881/47037446491_7d6e92a906_c.jpg",0,"Ninthavur 14","EASTERN","AMPARA","2019-02-08","18:15:51"
"92745",33162044568,"136783266@N04","2019-02-08 18:05:20","erdbeernaut",6.5764,81.7377,"https://live.staticflickr.com/7891/33162044568_9f9ba193cc_c.jpg",0,"Ninthavur 14","EASTERN","AMPARA","2019-02-08","18:05:20"
"92746",46303790244,"136783266@N04","2019-02-08 17:22:30","erdbeernaut",6.5288,81.7083,"https://live.staticflickr.com/4816/46303790244_91bb9ef4c7_c.jpg",0,"Ninthavur 14","EASTERN","AMPARA","2019-02-08","17:22:30"
"92747",46303780334,"136783266@N04","2019-02-08 16:51:11","erdbeernaut",6.5691,81.7297,"https://live.staticflickr.com/7854/46303780334_c1eae30365_c.jpg",0,"Ninthavur 14","EASTERN","AMPARA","2019-02-08","16:51:11"
"92748",46975775812,"136783266@N04","2019-02-08 16:49:19","erdbeernaut",6.5691,81.7298,"https://live.staticflickr.com/7809/46975775812_4ea9cc8dca_c.jpg",0,"Ninthavur 14","EASTERN","AMPARA","2019-02-08","16:49:19"
"92749",46303770064,"136783266@N04","2019-02-08 16:11:16","erdbeernaut",6.6051,81.7432,"https://live.staticflickr.com/4844/46303770064_a084539483_c.jpg",0,"Ninthavur 14","EASTERN","AMPARA","2019-02-08","16:11:16"
"92755",33893332400,"137961163@N08","2017-04-25 23:22:32","alexeyohrim",6.8405,81.8333,"https://live.staticflickr.com/2892/33893332400_e3ff944bb7_c.jpg",2,"Ninthavur 14","EASTERN","AMPARA","2017-04-25","23:22:32"
"92762",31312074005,"137961163@N08","2016-11-29 00:11:29","alexeyohrim",6.8661,81.8327,"https://live.staticflickr.com/5616/31312074005_f141768bdd_c.jpg",0,"Ninthavur 14","EASTERN","AMPARA","2016-11-29","00:11:29"
"92769",31050345612,"137961163@N08","2016-11-23 04:32:47","alexeyohrim",6.8398,81.834,"https://live.staticflickr.com/5785/31050345612_96aa02e3b9_c.jpg",2,"Ninthavur 14","EASTERN","AMPARA","2016-11-23","04:32:47"
"94470",8547348553,"22887580@N06","2013-02-23 22:45:37","Plant Design Online",7.4142,81.8262,"https://live.staticflickr.com/8241/8547348553_709cd4cf67_c.jpg",0,"Ninthavur 14","EASTERN","AMPARA","2013-02-23","22:45:37"
"95201",24557654576,"32253929@N03","2015-11-12 07:57:54","Anjitha",7.5294,81.3532,"https://live.staticflickr.com/1695/24557654576_b081aba034_c.jpg",0,"Ninthavur 14","EASTERN","AMPARA","2015-11-12","07:57:54"
"95830",33603539196,"47490497@N04","2017-03-25 10:31:33","vanilija33",7.7,81.2833,"https://live.staticflickr.com/3742/33603539196_f32e587742_c.jpg",0,"Ninthavur 14","EASTERN","AMPARA","2017-03-25","10:31:33"
"95839",32693998804,"47490497@N04","2017-03-19 14:19:50","vanilija33",7.7,81.2833,"https://live.staticflickr.com/2848/32693998804_762278b99d_c.jpg",0,"Ninthavur 14","EASTERN","AMPARA","2017-03-19","14:19:50"
"97487",7777200522,"64917450@N00","2012-07-21 23:04:04","toralux",6.8397,81.8367,"https://live.staticflickr.com/8281/7777200522_73d8e6f939_c.jpg",0,"Ninthavur 14","EASTERN","AMPARA","2012-07-21","23:04:04"
"97580",8153741915,"72759726@N00","2009-03-24 11:30:17","Hawknose Harlequin",7.4166,81.826,"https://live.staticflickr.com/8069/8153741915_513483f01b_c.jpg",0,"Ninthavur 14","EASTERN","AMPARA","2009-03-24","11:30:17"
"98096",34614489245,"81993026@N06","2017-05-12 21:27:24","Lahiru Dulshan",6.8405,81.8333,"https://live.staticflickr.com/2866/34614489245_0823312b88_c.jpg",2,"Ninthavur 14","EASTERN","AMPARA","2017-05-12","21:27:24"
"98178",16857812450,"81993026@N06","2015-04-06 01:09:22","Lahiru Dulshan",6.8489,81.831,NA,1,"Ninthavur 14","EASTERN","AMPARA","2015-04-06","01:09:22"
"99316",9565558393,"100596609@N04","2013-06-22 08:52:21","kammjeff",6.5293,81.7052,"https://live.staticflickr.com/3712/9565558393_e95661f6ce_c.jpg",0,"Ninthavur 14","EASTERN","AMPARA","2013-06-22","08:52:21"
"99317",9568361330,"100596609@N04","2013-06-22 08:30:57","kammjeff",6.5631,81.7247,"https://live.staticflickr.com/3812/9568361330_e647b2d570_c.jpg",0,"Ninthavur 14","EASTERN","AMPARA","2013-06-22","08:30:57"
"99318",9568368540,"100596609@N04","2013-06-22 08:10:42","kammjeff",6.595,81.7325,"https://live.staticflickr.com/7308/9568368540_1a8d04ac42_c.jpg",0,"Ninthavur 14","EASTERN","AMPARA","2013-06-22","08:10:42"
"102439",15643406115,"12306261@N00","2014-10-19 07:07:01","nickbrett",6.849,81.832,"https://live.staticflickr.com/5598/15643406115_e6b559d2ac_c.jpg",0,"Ninthavur 14","EASTERN","AMPARA","2014-10-19","07:07:01"
"102444",15456391738,"12306261@N00","2014-10-19 07:06:27","nickbrett",6.8491,81.832,"https://live.staticflickr.com/3941/15456391738_8266c452b8_c.jpg",0,"Ninthavur 14","EASTERN","AMPARA","2014-10-19","07:06:27"
"102446",15643418635,"12306261@N00","2014-10-19 06:59:32","nickbrett",6.8491,81.8318,"https://live.staticflickr.com/3950/15643418635_bcf5d3473b_c.jpg",0,"Ninthavur 14","EASTERN","AMPARA","2014-10-19","06:59:32"
"102449",15456770899,"12306261@N00","2014-10-18 09:37:01","nickbrett",6.8491,81.8319,"https://live.staticflickr.com/3943/15456770899_af765955b1_c.jpg",0,"Ninthavur 14","EASTERN","AMPARA","2014-10-18","09:37:01"
"102451",15618856566,"12306261@N00","2014-10-16 18:16:55","nickbrett",6.8491,81.8314,"https://live.staticflickr.com/3939/15618856566_f2388ae86d_c.jpg",1,"Ninthavur 14","EASTERN","AMPARA","2014-10-16","18:16:55"
"102452",15456597527,"12306261@N00","2014-10-16 17:23:41","nickbrett",6.849,81.8312,"https://live.staticflickr.com/3936/15456597527_44f892c5d1_c.jpg",1,"Ninthavur 14","EASTERN","AMPARA","2014-10-16","17:23:41"
"102453",15642582685,"12306261@N00","2014-10-16 17:01:34","nickbrett",6.849,81.8313,"https://live.staticflickr.com/3949/15642582685_f821f596bb_c.jpg",1,"Ninthavur 14","EASTERN","AMPARA","2014-10-16","17:01:34"
"102454",15022418813,"12306261@N00","2014-10-16 17:01:21","nickbrett",6.849,81.8314,"https://live.staticflickr.com/3944/15022418813_383e4d3132_c.jpg",1,"Ninthavur 14","EASTERN","AMPARA","2014-10-16","17:01:21"
"102455",15456605227,"12306261@N00","2014-10-16 17:01:07","nickbrett",6.8491,81.8315,"https://live.staticflickr.com/3936/15456605227_9be5a832cb_c.jpg",1,"Ninthavur 14","EASTERN","AMPARA","2014-10-16","17:01:07"
"102460",15643446625,"12306261@N00","2014-10-16 06:13:02","nickbrett",6.8491,81.8318,"https://live.staticflickr.com/3943/15643446625_a42053255d_c.jpg",0,"Ninthavur 14","EASTERN","AMPARA","2014-10-16","06:13:02"
"102464",15619729276,"12306261@N00","2014-10-15 19:56:28","nickbrett",6.8424,81.8319,"https://live.staticflickr.com/5614/15619729276_681603dcec_c.jpg",0,"Ninthavur 14","EASTERN","AMPARA","2014-10-15","19:56:28"
"102465",15457316738,"12306261@N00","2014-10-15 18:52:05","nickbrett",6.8399,81.8364,"https://live.staticflickr.com/5608/15457316738_b8f41fefd1_c.jpg",0,"Ninthavur 14","EASTERN","AMPARA","2014-10-15","18:52:05"
"102466",15456453998,"12306261@N00","2014-10-15 18:49:32","nickbrett",6.8398,81.8366,"https://live.staticflickr.com/3936/15456453998_c3145f7e95_c.jpg",0,"Ninthavur 14","EASTERN","AMPARA","2014-10-15","18:49:32"
"102467",15023291773,"12306261@N00","2014-10-15 17:55:23","nickbrett",6.8474,81.8281,"https://live.staticflickr.com/3950/15023291773_8c79abf14b_c.jpg",0,"Ninthavur 14","EASTERN","AMPARA","2014-10-15","17:55:23"
"102469",15022710684,"12306261@N00","2014-10-15 10:32:29","nickbrett",6.8435,81.8316,"https://live.staticflickr.com/5607/15022710684_6b8f2373db_c.jpg",3,"Ninthavur 14","EASTERN","AMPARA","2014-10-15","10:32:29"
"102470",15640775341,"12306261@N00","2014-10-15 09:29:14","nickbrett",6.8456,81.8317,"https://live.staticflickr.com/5601/15640775341_c08010a820_c.jpg",0,"Ninthavur 14","EASTERN","AMPARA","2014-10-15","09:29:14"
"102471",15640779151,"12306261@N00","2014-10-15 09:13:09","nickbrett",6.8493,81.8307,"https://live.staticflickr.com/5603/15640779151_8306700240_c.jpg",0,"Ninthavur 14","EASTERN","AMPARA","2014-10-15","09:13:09"
"102472",15456457148,"12306261@N00","2014-10-14 15:20:05","nickbrett",6.8492,81.8316,"https://live.staticflickr.com/5613/15456457148_0834fbd39b_c.jpg",1,"Ninthavur 14","EASTERN","AMPARA","2014-10-14","15:20:05"
"102990",33711706260,"127739724@N07","2017-04-17 20:00:44","simfyz",7.3526,81.8492,"https://live.staticflickr.com/3855/33711706260_fa288e4031_c.jpg",0,"Ninthavur 14","EASTERN","AMPARA","2017-04-17","20:00:44"
"102991",33238109053,"127739724@N07","2017-04-15 18:58:30","simfyz",7.3526,81.8492,"https://live.staticflickr.com/2888/33238109053_f0b69a008c_c.jpg",0,"Ninthavur 14","EASTERN","AMPARA","2017-04-15","18:58:30"
"102993",33881229741,"127739724@N07","2017-04-13 16:31:29","simfyz",7.3526,81.8492,"https://live.staticflickr.com/3703/33881229741_ee49fd4f8a_c.jpg",0,"Ninthavur 14","EASTERN","AMPARA","2017-04-13","16:31:29"
"103003",29069241204,"127739724@N07","2016-09-15 17:11:15","simfyz",7.2833,81.6,"https://live.staticflickr.com/8530/29069241204_fe6b81e442_c.jpg",0,"Ninthavur 14","EASTERN","AMPARA","2016-09-15","17:11:15"
"103004",29010296203,"127739724@N07","2016-09-12 21:14:11","simfyz",7.2833,81.6,"https://live.staticflickr.com/8312/29010296203_fc20560874_c.jpg",0,"Ninthavur 14","EASTERN","AMPARA","2016-09-12","21:14:11"
"103006",29563426006,"127739724@N07","2016-09-11 09:33:36","simfyz",7.3205,81.8581,"https://live.staticflickr.com/8443/29563426006_93294e656a_c.jpg",0,"Ninthavur 14","EASTERN","AMPARA","2016-09-11","09:33:36"
"103012",28446420554,"127739724@N07","2016-08-18 20:24:02","simfyz",7.3526,81.8492,"https://live.staticflickr.com/7588/28446420554_41e2a40df9_c.jpg",0,"Ninthavur 14","EASTERN","AMPARA","2016-08-18","20:24:02"
"103013",28942502442,"127739724@N07","2016-08-17 21:36:35","simfyz",7.3531,81.8585,"https://live.staticflickr.com/8041/28942502442_d01f93a8b7_c.jpg",0,"Ninthavur 14","EASTERN","AMPARA","2016-08-17","21:36:35"
"103019",28127646065,"127739724@N07","2016-07-06 18:27:00","simfyz",7.3526,81.8492,"https://live.staticflickr.com/7636/28127646065_313020df40_c.jpg",0,"Ninthavur 14","EASTERN","AMPARA","2016-07-06","18:27:00"
"103020",28111467816,"127739724@N07","2016-07-06 17:45:17","simfyz",7.3533,81.848,"https://live.staticflickr.com/7448/28111467816_b35e9d157d_c.jpg",0,"Ninthavur 14","EASTERN","AMPARA","2016-07-06","17:45:17"
"103034",27246642513,"127739724@N07","2016-06-23 21:08:05","simfyz",7.3531,81.8585,NA,0,"Ninthavur 14","EASTERN","AMPARA","2016-06-23","21:08:05"
"103035",27246541204,"127739724@N07","2016-06-23 21:07:14","simfyz",7.3796,81.841,NA,0,"Ninthavur 14","EASTERN","AMPARA","2016-06-23","21:07:14"
"103036",27858605655,"127739724@N07","2016-06-23 21:06:36","simfyz",6.8404,81.8338,NA,2,"Ninthavur 14","EASTERN","AMPARA","2016-06-23","21:06:36"
"103037",27782757631,"127739724@N07","2016-06-23 21:06:21","simfyz",7.5261,81.4768,NA,0,"Ninthavur 14","EASTERN","AMPARA","2016-06-23","21:06:21"
"103072",20599228641,"127739724@N07","2015-08-15 04:46:20","simfyz",7.328,81.847,"https://live.staticflickr.com/5811/20599228641_c28b3b0e46_c.jpg",0,"Ninthavur 14","EASTERN","AMPARA","2015-08-15","04:46:20"
"103075",19799993371,"127739724@N07","2015-07-18 02:47:01","simfyz",7.3526,81.8492,"https://live.staticflickr.com/523/19799993371_61727178fb_c.jpg",0,"Ninthavur 14","EASTERN","AMPARA","2015-07-18","02:47:01"
"103085",17777524411,"127739724@N07","2015-05-17 07:44:28","simfyz",7.3538,81.8441,NA,0,"Ninthavur 14","EASTERN","AMPARA","2015-05-17","07:44:28"
"103086",17292578190,"127739724@N07","2015-05-10 00:39:03","simfyz",7.3796,81.8409,NA,0,"Ninthavur 14","EASTERN","AMPARA","2015-05-10","00:39:03"
"103087",17179746138,"127739724@N07","2015-05-04 06:45:35","simfyz",7.3474,81.86,NA,0,"Ninthavur 14","EASTERN","AMPARA","2015-05-04","06:45:35"
"103088",17090199777,"127739724@N07","2015-04-27 23:24:56","simfyz",7.3283,81.8491,NA,0,"Ninthavur 14","EASTERN","AMPARA","2015-04-27","23:24:56"
"103089",17056537178,"127739724@N07","2015-04-23 05:51:03","simfyz",7.3526,81.8492,NA,0,"Ninthavur 14","EASTERN","AMPARA","2015-04-23","05:51:03"
"103090",17169259351,"127739724@N07","2015-04-16 11:41:34","simfyz",7.4,81.8333,NA,0,"Ninthavur 14","EASTERN","AMPARA","2015-04-16","11:41:34"
"103091",17104602292,"127739724@N07","2015-04-10 23:47:02","simfyz",7.3011,81.8119,NA,0,"Ninthavur 14","EASTERN","AMPARA","2015-04-10","23:47:02"
"103094",16801655378,"127739724@N07","2015-03-31 06:34:23","simfyz",7.3526,81.8492,NA,0,"Ninthavur 14","EASTERN","AMPARA","2015-03-31","06:34:23"
"103095",16357802503,"127739724@N07","2015-03-30 05:41:08","simfyz",7.3474,81.86,NA,0,"Ninthavur 14","EASTERN","AMPARA","2015-03-30","05:41:08"
"103105",16607732096,"127739724@N07","2015-02-24 05:00:58","simfyz",7.3556,81.8459,NA,0,"Ninthavur 14","EASTERN","AMPARA","2015-02-24","05:00:58"
"103106",16444018758,"127739724@N07","2015-02-23 21:57:26","simfyz",7.3833,81.8333,NA,0,"Ninthavur 14","EASTERN","AMPARA","2015-02-23","21:57:26"
"103108",16438068749,"127739724@N07","2015-02-23 06:05:21","simfyz",7.2167,81.65,NA,0,"Ninthavur 14","EASTERN","AMPARA","2015-02-23","06:05:21"
"103109",16622434172,"127739724@N07","2015-02-23 04:25:56","simfyz",7.25,81.7167,NA,0,"Ninthavur 14","EASTERN","AMPARA","2015-02-23","04:25:56"
"103110",16413266750,"127739724@N07","2015-02-21 03:56:12","simfyz",7.3643,81.8519,NA,0,"Ninthavur 14","EASTERN","AMPARA","2015-02-21","03:56:12"
"103111",16315307369,"127739724@N07","2015-02-11 06:35:00","simfyz",7.3283,81.8491,NA,0,"Ninthavur 14","EASTERN","AMPARA","2015-02-11","06:35:00"
"103114",16287554727,"127739724@N07","2015-02-08 07:16:20","simfyz",7.3533,81.8433,NA,0,"Ninthavur 14","EASTERN","AMPARA","2015-02-08","07:16:20"
"103115",16075142049,"127739724@N07","2015-01-11 22:27:41","simfyz",7.3605,81.8495,NA,0,"Ninthavur 14","EASTERN","AMPARA","2015-01-11","22:27:41"
"103116",16252140235,"127739724@N07","2015-01-11 00:16:38","simfyz",7.4167,81.8167,NA,0,"Ninthavur 14","EASTERN","AMPARA","2015-01-11","00:16:38"
"103117",16243930091,"127739724@N07","2015-01-10 06:51:00","simfyz",7.3556,81.8459,NA,0,"Ninthavur 14","EASTERN","AMPARA","2015-01-10","06:51:00"
"103118",16219780316,"127739724@N07","2015-01-10 06:35:49","simfyz",7.3605,81.8495,NA,0,"Ninthavur 14","EASTERN","AMPARA","2015-01-10","06:35:49"
"103119",16221512062,"127739724@N07","2015-01-07 05:43:55","simfyz",7.3536,81.851,NA,0,"Ninthavur 14","EASTERN","AMPARA","2015-01-07","05:43:55"
"103121",16210908301,"127739724@N07","2015-01-06 01:26:00","simfyz",7.3526,81.8468,NA,0,"Ninthavur 14","EASTERN","AMPARA","2015-01-06","01:26:00"
"103131",15865329371,"127739724@N07","2014-11-24 03:05:46","simfyz",7.3519,81.849,NA,0,"Ninthavur 14","EASTERN","AMPARA","2014-11-24","03:05:46"
"103132",15678003490,"127739724@N07","2014-11-23 20:22:25","simfyz",7.3526,81.8468,NA,0,"Ninthavur 14","EASTERN","AMPARA","2014-11-23","20:22:25"
"103133",15639904487,"127739724@N07","2014-11-18 23:32:56","simfyz",7.3556,81.8459,NA,0,"Ninthavur 14","EASTERN","AMPARA","2014-11-18","23:32:56"
"103135",15640349510,"127739724@N07","2012-12-30 12:08:47","simfyz",7.3232,81.8654,"https://live.staticflickr.com/7582/15640349510_5e3e13c86f_c.jpg",0,"Ninthavur 14","EASTERN","AMPARA","2012-12-30","12:08:47"
"103921",16165538460,"130075747@N04","2014-12-31 17:16:20","egor.safronov",6.8436,81.8316,"https://live.staticflickr.com/8622/16165538460_379cc2218a_c.jpg",3,"Ninthavur 14","EASTERN","AMPARA","2014-12-31","17:16:20"
"103922",16165295198,"130075747@N04","2014-12-31 13:38:46","egor.safronov",6.8438,81.8319,"https://live.staticflickr.com/7381/16165295198_31605bb4e3_c.jpg",3,"Ninthavur 14","EASTERN","AMPARA","2014-12-31","13:38:46"
"104858",12494731993,"14116310@N08","2013-06-22 18:04:32","rosa726",6.8468,81.831,"https://live.staticflickr.com/3734/12494731993_ac271c29a2_c.jpg",0,"Ninthavur 14","EASTERN","AMPARA","2013-06-22","18:04:32"
"104861",12494588705,"14116310@N08","2013-06-17 21:30:28","rosa726",6.8472,81.831,"https://live.staticflickr.com/2851/12494588705_9b17f02018_c.jpg",0,"Ninthavur 14","EASTERN","AMPARA","2013-06-17","21:30:28"
"104863",9738811464,"14116310@N08","2013-06-17 19:58:04","rosa726",6.8415,81.8328,"https://live.staticflickr.com/7365/9738811464_c9b0cf7c08_c.jpg",0,"Ninthavur 14","EASTERN","AMPARA","2013-06-17","19:58:04"
"104865",9735574125,"14116310@N08","2013-06-17 19:56:54","rosa726",6.842,81.8327,"https://live.staticflickr.com/7460/9735574125_b7a20c11b6_c.jpg",0,"Ninthavur 14","EASTERN","AMPARA","2013-06-17","19:56:54"
"106850",27917441788,"164335248@N08","2016-08-06 14:41:08","ljechova",6.8585,81.8236,"https://live.staticflickr.com/906/27917441788_12fde098e2_c.jpg",0,"Ninthavur 14","EASTERN","AMPARA","2016-08-06","14:41:08"
"115958",20338428252,"43324175@N02","2015-07-31 12:37:59","erikscholz",6.8353,81.8344,"https://live.staticflickr.com/395/20338428252_0f46683ed2_c.jpg",0,"Ninthavur 14","EASTERN","AMPARA","2015-07-31","12:37:59"
"115959",20158661850,"43324175@N02","2015-07-31 12:24:30","erikscholz",6.7661,81.8258,"https://live.staticflickr.com/476/20158661850_18a9878766_c.jpg",0,"Ninthavur 14","EASTERN","AMPARA","2015-07-31","12:24:30"
"115961",20353478671,"43324175@N02","2015-07-31 11:13:27","erikscholz",6.8832,81.8387,"https://live.staticflickr.com/521/20353478671_dbc25061f8_c.jpg",0,"Ninthavur 14","EASTERN","AMPARA","2015-07-31","11:13:27"
"115962",20159101998,"43324175@N02","2015-07-30 15:29:06","erikscholz",6.8503,81.8316,"https://live.staticflickr.com/284/20159101998_d3c2743d38_c.jpg",0,"Ninthavur 14","EASTERN","AMPARA","2015-07-30","15:29:06"
"118058",8516538033,"58433801@N07","2013-02-24 13:12:32","Solipsismworld",6.8395,81.8361,"https://live.staticflickr.com/8508/8516538033_0a69031a7a_c.jpg",0,"Ninthavur 14","EASTERN","AMPARA","2013-02-24","13:12:32"
"119469",20520214424,"67331794@N08","2015-09-04 11:40:12","záviděníhodný_člověk",6.7593,81.7851,"https://live.staticflickr.com/628/20520214424_8b29797f59_c.jpg",0,"Ninthavur 14","EASTERN","AMPARA","2015-09-04","11:40:12"
"125147",28546387930,"92664768@N00","2016-08-07 20:51:42","nextnexus",6.8411,81.8324,"https://live.staticflickr.com/8719/28546387930_6f659ce5bb_c.jpg",0,"Ninthavur 14","EASTERN","AMPARA","2016-08-07","20:51:42"
"125148",28180083884,"92664768@N00","2016-08-06 09:19:27","nextnexus",6.8487,81.8312,"https://live.staticflickr.com/8686/28180083884_338dc77535_c.jpg",1,"Ninthavur 14","EASTERN","AMPARA","2016-08-06","09:19:27"
